{
  "project_info": {
    "project_number": "192729486545",
    "project_id": "java-8-e5287",
    "storage_bucket": "java-8-e5287.appspot.com"
  },
  "client": [
    {
      "client_info": {
        "mobilesdk_app_id": "1:192729486545:android:4e5b492621ae8902c961f0",
        "android_client_info": {
          "package_name": "com.quiz.byomkar"
        }
      },
      "oauth_client": [
        {
          "client_id": "192729486545-jejds3jhkt1e7c10das4sdb6itep0fga.apps.googleusercontent.com",
          "client_type": 1,
          "android_info": {
            "package_name": "com.quiz.byomkar",
            "certificate_hash": "b8f21dbad88d753932498998413ff5eca057bd11"
          }
        },
        {
          "client_id": "192729486545-knb92gb8cpcc9qth7ub1dglpofhipmdf.apps.googleusercontent.com",
          "client_type": 3
        }
      ],
      "api_key": [
        {
          "current_key": "AIzaSyDGF6r3IWh5MXPWY0f-MtpyPBDFgafO4V8"
        }
      ],
      "services": {
        "appinvite_service": {
          "other_platform_oauth_client": [
            {
              "client_id": "192729486545-knb92gb8cpcc9qth7ub1dglpofhipmdf.apps.googleusercontent.com",
              "client_type": 3
            }
          ]
        }
      }
    }
  ],
  "configuration_version": "1"
}